{"last_node_id":9,"last_link_id":9,"nodes":[],"links":[],"groups":[],"config":{},"extra":{"ds":{"scale":0.620921323059155,"offset":[222.01555125000016,198.1089075000001]}},"version":0.4}